{
  "main": {
    "id": "3940626725907534",
    "type": "split",
    "children": [
      {
        "id": "af87738210bea532",
        "type": "tabs",
        "children": [
          {
            "id": "b0345c4d31a0dc25",
            "type": "leaf",
            "state": {
              "type": "empty",
              "state": {}
            }
          }
        ]
      },
      {
        "id": "acf7b2ba19b63599",
        "type": "tabs",
        "children": [
          {
            "id": "4b554082cce20a75",
            "type": "leaf",
            "state": {
              "type": "markdown",
              "state": {
                "file": "Import PDF.md",
                "mode": "preview",
                "source": false
              }
            }
          },
          {
            "id": "7c824465a8434613",
            "type": "leaf",
            "state": {
              "type": "markdown",
              "state": {
                "file": "Import Figure.md",
                "mode": "source",
                "source": true
              }
            }
          }
        ],
        "currentTab": 1
      }
    ],
    "direction": "vertical"
  },
  "left": {
    "id": "2cdd47df63532c69",
    "type": "split",
    "children": [
      {
        "id": "b018df1bbc709587",
        "type": "tabs",
        "children": [
          {
            "id": "b7fac2d324cbb820",
            "type": "leaf",
            "state": {
              "type": "file-explorer",
              "state": {
                "sortOrder": "alphabetical"
              }
            }
          },
          {
            "id": "a44c4177f7f9c3b8",
            "type": "leaf",
            "state": {
              "type": "search",
              "state": {
                "query": "",
                "matchingCase": false,
                "explainSearch": false,
                "collapseAll": false,
                "extraContext": false,
                "sortOrder": "alphabetical"
              }
            }
          },
          {
            "id": "1d151cbdac14c33b",
            "type": "leaf",
            "state": {
              "type": "bookmarks",
              "state": {}
            }
          }
        ]
      }
    ],
    "direction": "horizontal",
    "width": 300,
    "collapsed": true
  },
  "right": {
    "id": "7bee17c76d8d6b4a",
    "type": "split",
    "children": [
      {
        "id": "2fa9decd4f10ae82",
        "type": "tabs",
        "children": [
          {
            "id": "6ca4d267f5e6661c",
            "type": "leaf",
            "state": {
              "type": "backlink",
              "state": {
                "file": "Import Figure.md",
                "collapseAll": false,
                "extraContext": false,
                "sortOrder": "alphabetical",
                "showSearch": false,
                "searchQuery": "",
                "backlinkCollapsed": false,
                "unlinkedCollapsed": true
              }
            }
          },
          {
            "id": "212abd5664e40ef4",
            "type": "leaf",
            "state": {
              "type": "outgoing-link",
              "state": {
                "file": "Import Figure.md",
                "linksCollapsed": false,
                "unlinkedCollapsed": true
              }
            }
          },
          {
            "id": "88b06b11766638ac",
            "type": "leaf",
            "state": {
              "type": "tag",
              "state": {
                "sortOrder": "frequency",
                "useHierarchy": true
              }
            }
          },
          {
            "id": "da590cc387a13715",
            "type": "leaf",
            "state": {
              "type": "outline",
              "state": {
                "file": "Import Figure.md"
              }
            }
          }
        ]
      }
    ],
    "direction": "horizontal",
    "width": 300,
    "collapsed": true
  },
  "left-ribbon": {
    "hiddenItems": {
      "switcher:Open quick switcher": false,
      "graph:Open graph view": false,
      "canvas:Create new canvas": false,
      "daily-notes:Open today's daily note": false,
      "templates:Insert template": false,
      "command-palette:Open command palette": false
    }
  },
  "active": "7c824465a8434613",
  "lastOpenFiles": [
    "Import Figure.md",
    "Import PDF.md",
    "CNAME_ex1.jpg",
    "Internal links.md",
    "Other notes.md",
    "Untitled 1.md",
    "RFC 2181 (full documentation,original).pdf",
    "Welcome.md",
    "Untitled 2.md",
    "Obsidian.md"
  ]
}